,-8,-7,-6,-5,-4,-3,-2,-1,0,1,2,3,4,5,6,7,8,9,10,11,12,13
001,0.0,0.0,0.0,0.0,0.0,0.0,0.0,1.0,24.0,57.5,63.0,26.0,19.5,40.5,20.5,0.0,0.0,0.0,0.0,0.0,0.0,0.0
002,0.0,0.0,0.0,0.0,0.0,0.0,0.0,0.0,0.0,3.0,18.75,34.0,39.75,37.0,22.5,30.0,16.5,4.0,2.5,0.0,0.0,0.0
003,0.0,0.0,0.0,0.0,0.0,0.0,1.0,5.5,18.75,7.0,14.25,29.5,37.5,23.0,7.0,0.5,12.0,4.0,0.0,0.0,0.0,0.0
004,0.0,0.0,0.0,0.0,0.0,0.0,0.0,0.0,0.0,0.0,2.75,10.0,31.25,36.25,24.0,19.0,18.0,11.75,5.0,2.0,0.0,0.0
005,0.0,0.0,0.0,0.0,0.0,0.0,1.0,5.5,26.5,51.5,49.5,43.75,36.5,32.25,17.5,3.0,5.0,0.0,0.0,0.0,0.0,0.0
006,0.0,0.0,0.0,0.0,0.0,1.0,8.0,31.5,29.0,13.0,9.5,20.5,9.5,2.0,0.0,0.0,0.0,0.0,0.0,0.0,0.0,0.0
007,0.0,0.0,0.0,0.0,0.0,0.0,0.0,0.0,0.0,7.0,36.0,86.0,76.5,63.0,58.0,63.0,36.0,11.0,0.5,7.0,0.0,0.0
008,0.0,0.0,1.0,29.0,43.0,28.0,40.5,66.0,62.5,28.5,2.5,7.5,10.5,1.0,0.0,0.0,0.0,0.0,0.0,0.0,0.0,0.0
009,0.0,0.0,0.0,0.0,0.0,0.0,0.0,0.0,16.0,26.5,32.0,34.0,24.25,30.0,17.75,4.0,3.0,3.5,1.0,0.0,0.0,0.0
010,0.0,0.0,0.0,0.0,0.0,0.0,1.0,8.5,29.0,24.5,20.0,34.0,43.5,30.5,3.0,0.0,14.0,0.0,0.0,0.0,0.0,0.0
011,0.0,0.0,0.0,0.0,0.0,0.0,11.5,41.0,74.5,83.0,64.0,56.0,62.0,34.5,7.0,7.0,3.0,0.5,0.0,0.0,0.0,0.0
012,0.0,0.0,0.0,0.0,0.0,0.0,0.0,8.0,36.0,28.0,23.0,31.0,31.0,18.0,8.0,3.0,4.0,2.0,0.0,0.0,0.0,0.0
013,0.0,0.0,0.0,0.0,0.0,0.0,0.0,14.5,39.25,32.0,30.5,46.75,47.75,24.75,4.0,4.5,7.5,0.5,0.0,0.0,0.0,0.0
014,0.0,0.0,0.0,0.0,0.0,0.0,0.0,0.0,14.75,48.0,45.75,26.0,22.0,37.5,24.5,4.5,0.0,1.0,0.0,0.0,0.0,0.0
015,0.0,0.0,0.0,0.0,0.0,0.0,9.5,25.5,17.0,14.25,42.25,41.25,22.75,8.0,4.5,7.0,4.0,0.0,0.0,0.0,0.0,0.0
016,0.0,0.0,0.0,0.0,0.0,0.0,0.0,0.0,2.0,14.0,33.5,29.0,33.5,37.0,53.5,36.5,7.5,3.0,18.5,0.0,0.0,0.0
017,0.0,0.0,0.0,0.0,0.0,0.0,0.0,0.0,4.5,22.5,24.5,32.5,37.0,42.5,26.5,12.0,6.5,6.5,1.0,0.0,0.0,0.0
018,0.0,0.0,0.0,0.0,0.0,0.0,0.0,1.0,17.75,41.5,49.0,32.0,19.5,22.75,20.5,4.0,0.0,0.0,0.0,0.0,0.0,0.0
019,0.0,0.0,0.0,0.0,0.0,7.0,12.0,9.0,17.0,25.25,31.5,19.75,5.0,1.5,14.0,2.0,0.0,0.0,0.0,0.0,0.0,0.0
020,0.0,0.0,0.0,0.0,0.0,0.0,0.0,0.0,0.0,13.25,37.25,31.5,29.25,26.5,28.0,19.0,3.75,2.5,1.0,0.0,0.0,0.0
021,0.0,0.0,0.0,0.0,0.0,0.0,3.5,10.25,24.0,24.25,26.0,40.5,28.5,15.5,6.0,7.5,4.0,2.0,0.0,0.0,0.0,0.0
022,0.0,0.0,0.0,0.0,18.5,53.75,56.5,29.0,19.5,34.0,24.25,4.0,0.0,0.5,0.0,0.0,0.0,0.0,0.0,0.0,0.0,0.0
023,0.0,0.0,0.0,0.0,0.0,0.0,0.0,6.5,21.0,16.0,25.0,42.5,37.5,24.0,3.5,3.0,9.0,0.0,0.0,0.0,0.0,0.0
024,0.0,0.0,0.0,0.0,0.0,0.0,0.0,1.0,2.0,11.0,43.0,40.0,22.0,20.0,27.0,16.0,6.5,2.0,1.0,0.5,0.0,0.0
025,0.0,0.0,0.0,10.5,30.0,22.0,20.5,23.5,41.5,21.5,3.5,1.0,10.0,0.0,0.0,0.0,0.0,0.0,0.0,0.0,0.0,0.0
026,0.0,0.0,0.0,0.0,0.0,1.0,18.5,31.0,28.0,22.5,15.5,27.0,12.5,0.0,2.0,2.0,0.0,0.0,0.0,0.0,0.0,0.0
027,0.0,0.0,0.0,0.0,0.5,13.0,36.25,37.5,24.0,11.0,19.5,15.75,2.5,0.0,0.0,0.0,0.0,0.0,0.0,0.0,0.0,0.0
028,0.0,0.0,0.0,0.0,0.0,0.0,0.0,0.0,0.25,8.75,21.25,9.75,12.5,32.75,22.0,12.25,2.5,2.0,3.0,1.0,0.0,0.0
029,0.0,0.0,0.0,0.0,0.0,0.0,0.0,0.5,18.0,51.5,48.5,25.5,16.5,27.5,18.0,2.0,0.0,0.0,0.0,0.0,0.0,0.0
030,0.0,0.0,0.0,0.0,0.0,0.0,0.0,0.5,16.5,38.0,16.5,14.0,40.75,34.75,12.5,1.5,3.0,5.0,1.0,0.0,0.0,0.0
031,0.0,0.0,0.0,0.0,0.0,0.0,0.0,10.75,27.5,21.0,21.0,24.25,25.75,18.75,5.5,2.0,3.5,0.0,0.0,0.0,0.0,0.0
032,0.0,0.0,0.0,0.0,0.0,0.0,0.0,0.0,0.0,0.5,13.25,36.75,43.5,28.0,14.0,24.25,13.25,1.5,1.0,0.0,0.0,0.0
033,0.0,0.0,0.0,0.0,0.0,0.0,0.0,8.75,16.75,9.75,14.75,31.0,31.5,15.25,1.5,3.0,7.75,0.0,0.0,0.0,0.0,0.0
034,0.0,0.0,0.0,0.0,0.0,1.0,1.0,19.0,39.75,30.75,22.5,33.0,34.25,20.25,2.0,1.5,3.0,0.0,0.0,0.0,0.0,0.0
035,0.0,0.0,0.0,0.0,0.0,0.0,0.0,0.0,0.0,0.0,8.0,25.25,31.5,21.75,11.5,15.5,12.0,2.0,0.5,0.0,0.0,0.0
036,0.0,0.0,0.0,0.0,0.0,0.0,0.0,0.0,0.0,1.0,20.0,51.0,39.5,27.5,25.5,33.0,19.5,1.5,0.0,1.5,0.0,0.0
037,0.0,0.0,0.0,0.0,0.0,0.0,0.0,8.75,24.75,16.5,23.0,34.5,41.75,25.0,4.0,2.0,11.5,0.25,0.0,0.0,0.0,0.0
038,0.0,0.0,0.0,0.0,8.75,33.0,34.25,27.5,17.0,19.0,15.0,4.0,1.5,0.0,0.0,0.0,0.0,0.0,0.0,0.0,0.0,0.0
039,0.0,0.0,0.0,0.0,0.0,0.0,0.0,0.0,11.0,35.75,25.0,20.0,27.25,38.0,24.25,4.0,2.0,4.25,0.5,0.0,0.0,0.0
040,0.0,0.0,0.0,0.0,0.0,0.0,0.5,4.5,26.0,32.5,23.5,10.0,10.0,14.5,5.5,0.0,1.0,0.0,0.0,0.0,0.0,0.0
041,0.0,0.0,0.0,0.0,0.0,0.0,0.0,7.5,31.25,28.0,25.75,43.0,46.5,25.0,8.0,1.0,6.0,2.0,0.0,0.0,0.0,0.0
042,0.0,0.0,0.0,0.0,0.0,0.0,0.0,0.0,0.0,0.0,11.5,34.0,32.5,16.5,12.0,21.0,14.5,0.0,0.0,2.0,0.0,0.0
043,0.0,0.0,0.0,0.0,0.0,0.0,0.0,0.0,1.0,1.0,0.5,11.25,35.25,36.25,30.25,27.0,25.0,22.5,5.5,0.0,4.5,1.0
044,0.0,0.0,0.0,0.0,0.0,0.0,0.0,0.0,0.0,11.0,19.5,30.5,20.5,13.0,16.5,13.5,3.0,0.5,0.0,0.0,0.0,0.0
045,0.0,0.0,0.0,0.0,0.0,0.0,0.0,0.0,0.0,9.0,26.25,14.0,26.75,42.0,42.0,28.5,7.0,1.5,11.0,0.0,0.0,0.0
046,0.0,0.0,0.0,0.0,0.0,0.0,0.0,0.0,0.5,9.5,25.5,30.5,15.0,12.0,17.5,13.0,4.0,0.5,0.0,0.0,0.0,0.0
047,0.0,0.0,0.0,0.0,0.0,0.0,8.5,25.75,18.5,17.25,34.0,37.5,25.5,10.5,2.0,8.0,4.5,0.0,0.0,0.0,0.0,0.0
048,0.0,0.0,0.0,0.0,0.0,0.0,2.5,7.5,23.5,14.0,21.5,36.0,27.5,14.0,2.5,5.5,4.5,1.0,0.0,0.0,0.0,0.0
049,0.0,0.0,0.0,0.0,0.0,0.0,3.5,23.5,18.25,17.5,33.25,49.5,23.5,12.0,3.0,8.5,3.5,0.0,0.0,0.0,0.0,0.0
050,0.0,0.0,0.0,0.0,0.0,0.0,16.0,35.0,45.75,26.5,20.5,25.75,17.0,2.5,2.0,1.0,0.0,0.0,0.0,0.0,0.0,0.0
051,0.0,0.0,0.0,0.0,0.0,0.0,0.0,2.5,18.0,34.0,32.75,20.5,17.25,19.5,12.0,3.5,0.0,0.0,0.0,0.0,0.0,0.0
052,0.0,0.0,0.0,0.0,0.0,0.0,0.0,0.0,0.0,1.25,19.0,43.5,45.25,30.0,30.75,41.0,20.5,3.25,2.25,3.25,0.0,0.0
053,0.0,0.0,0.0,0.0,0.0,6.0,25.5,15.5,11.0,31.5,48.5,28.0,5.0,4.0,13.0,4.0,0.0,0.0,0.0,0.0,0.0,0.0
054,0.0,0.0,0.0,0.0,0.0,0.0,0.0,0.0,12.0,33.5,40.0,18.5,12.5,21.5,15.5,1.5,0.0,1.0,0.0,0.0,0.0,0.0
055,0.0,0.0,0.0,0.0,0.0,0.0,0.0,0.0,0.0,2.5,23.0,12.0,20.0,32.0,37.0,19.5,4.0,1.0,9.0,0.0,0.0,0.0
056,0.0,0.0,0.0,0.0,0.0,0.0,0.0,0.0,5.0,21.0,36.5,24.5,32.5,49.5,58.0,16.0,1.0,10.0,6.0,0.0,0.0,0.0
057,0.0,0.0,0.0,0.0,0.0,0.0,0.0,4.5,22.5,7.0,12.0,21.0,31.5,18.5,3.0,0.0,11.5,0.5,0.0,0.0,0.0,0.0
058,0.0,0.0,0.0,0.0,0.0,0.0,0.0,0.0,0.5,16.5,58.5,48.5,39.0,39.0,47.5,36.5,7.5,2.0,6.0,2.5,0.0,0.0
059,0.0,0.0,1.0,0.5,1.0,13.0,29.75,18.0,16.25,30.5,31.0,18.5,3.5,3.0,8.0,2.0,0.0,0.0,0.0,0.0,0.0,0.0
060,0.0,0.0,0.0,0.0,0.0,0.0,0.0,0.0,0.0,8.5,30.0,44.0,25.0,21.75,24.0,21.25,7.5,0.0,2.0,0.0,0.0,0.0
061,0.0,0.0,1.0,4.5,20.5,45.5,53.0,32.5,28.75,41.5,21.25,1.5,3.5,2.5,0.0,0.0,0.0,0.0,0.0,0.0,0.0,0.0
062,0.0,0.0,0.0,0.0,0.0,0.0,0.0,0.0,0.0,7.0,22.5,11.0,12.0,28.5,33.5,16.0,0.0,1.0,8.5,0.0,0.0,0.0
063,0.0,0.0,0.0,0.0,0.0,0.0,0.0,0.0,0.0,0.5,17.0,34.0,41.25,25.25,20.0,28.0,17.0,3.0,2.0,3.0,1.0,0.0
064,0.0,0.0,0.0,0.0,0.0,0.0,0.0,1.5,15.0,46.25,49.0,21.0,20.0,34.5,17.25,1.75,0.0,1.75,0.0,0.0,0.0,0.0
065,0.0,0.0,0.0,0.0,0.0,0.0,0.0,0.0,11.75,33.0,36.0,23.5,17.5,20.25,14.5,3.5,0.0,0.0,0.0,0.0,0.0,0.0
066,0.0,0.0,0.0,0.0,0.0,0.0,4.0,18.75,23.75,25.75,36.75,44.5,40.5,16.5,2.0,6.5,5.0,0.0,0.0,0.0,0.0,0.0
067,0.0,0.0,0.0,0.0,0.0,0.0,0.0,1.25,18.0,41.5,39.5,25.5,23.75,31.0,19.5,3.5,1.5,3.0,0.0,0.0,0.0,0.0
068,0.0,0.0,0.0,0.0,0.0,1.0,10.25,30.0,32.5,19.0,12.75,17.5,12.5,3.5,0.5,0.5,0.0,0.0,0.0,0.0,0.0,0.0
069,0.0,0.0,0.0,0.0,0.0,0.0,0.0,0.5,34.5,63.0,78.75,52.5,40.75,49.75,38.25,5.5,1.5,3.0,0.0,0.0,0.0,0.0
070,0.0,0.0,0.0,0.0,0.0,0.0,1.0,15.25,42.25,80.5,57.0,33.0,33.25,41.0,11.25,1.5,0.0,0.0,0.0,0.0,0.0,0.0
071,0.0,0.0,0.0,0.0,0.0,0.0,0.0,2.25,18.5,27.5,19.5,26.0,41.75,34.5,22.25,2.75,2.5,10.5,0.0,0.0,0.0,0.0
072,0.0,0.0,0.0,0.0,0.0,7.5,21.0,11.0,17.5,25.0,26.25,14.5,0.0,2.25,7.0,0.0,0.0,0.0,0.0,0.0,0.0,0.0
073,0.0,0.0,0.0,0.0,0.0,11.5,18.0,12.0,19.0,35.5,40.5,20.5,5.0,4.0,7.5,2.5,0.0,0.0,0.0,0.0,0.0,0.0
074,0.0,0.0,0.0,0.0,0.0,0.5,12.75,37.0,30.0,24.0,32.5,32.25,14.0,2.5,4.5,2.0,0.0,0.0,0.0,0.0,0.0,0.0
075,0.0,0.0,0.0,0.0,0.0,0.0,10.0,32.0,36.5,19.75,22.5,26.75,14.5,4.0,3.0,3.0,0.0,0.0,0.0,0.0,0.0,0.0
076,0.0,0.0,0.0,0.0,0.0,0.0,0.0,3.0,13.75,40.0,45.0,33.0,27.75,34.75,17.25,3.0,5.0,1.5,0.0,0.0,0.0,0.0
077,0.0,0.0,0.0,0.0,0.0,0.0,0.0,0.0,0.0,2.5,16.5,38.5,41.75,25.0,20.5,23.5,13.0,3.5,2.25,1.0,0.0,0.0
078,0.0,0.0,0.0,0.0,0.0,0.0,0.0,0.0,1.5,14.5,26.5,14.5,19.5,33.75,36.0,17.0,0.5,4.0,8.25,0.0,0.0,0.0
079,0.0,0.0,0.0,0.0,0.0,0.0,0.0,18.5,48.5,28.0,24.5,39.5,67.5,38.5,2.0,1.0,18.0,2.0,0.0,0.0,0.0,0.0
080,0.0,0.0,0.0,0.0,0.0,0.0,0.0,0.0,1.0,15.0,38.0,31.0,21.0,35.5,28.0,12.5,3.5,4.5,2.0,0.0,0.0,0.0
081,0.0,0.0,0.0,0.0,0.0,2.0,3.5,18.5,27.5,19.0,34.5,54.5,53.5,27.0,5.5,11.0,15.5,0.0,0.0,0.0,0.0,0.0
082,0.0,0.0,0.0,0.0,0.0,14.5,31.0,27.5,34.0,43.0,50.0,37.0,8.5,4.0,13.5,1.0,0.0,0.0,0.0,0.0,0.0,0.0
083,0.0,0.0,0.0,0.0,0.0,0.0,0.0,0.0,1.0,6.5,17.75,44.5,43.5,38.0,29.5,41.25,22.0,2.5,3.5,6.0,0.0,0.0
084,0.0,0.0,0.0,0.0,0.0,0.0,0.0,0.0,1.0,0.5,18.5,49.5,39.0,32.0,22.75,34.75,20.25,3.75,0.0,2.0,0.0,0.0
085,0.0,0.0,0.0,0.0,0.0,0.0,0.0,0.0,0.0,0.0,1.0,26.25,53.0,53.0,32.0,23.0,24.75,18.5,4.5,0.0,0.0,0.0
086,0.0,0.0,0.0,0.0,0.0,0.0,0.0,0.0,0.0,14.5,45.125,55.0,29.5,15.75,32.0,22.625,3.5,1.0,1.0,0.0,0.0,0.0
087,0.0,0.0,0.0,0.0,14.0,41.0,25.0,17.5,52.0,53.5,23.5,8.0,2.0,7.0,4.5,0.0,0.0,0.0,0.0,0.0,0.0,0.0
088,0.0,0.0,0.0,0.0,0.0,0.0,0.0,6.5,21.0,16.0,25.0,42.5,37.5,24.0,3.5,3.0,9.0,0.0,0.0,0.0,0.0,0.0
089,0.0,0.0,0.0,0.0,0.0,0.0,0.5,1.0,4.0,10.75,28.75,24.0,24.25,35.5,33.75,14.5,5.5,4.5,4.0,1.0,0.0,0.0
090,0.0,0.0,0.0,0.0,0.0,14.0,32.5,36.0,22.0,11.0,16.0,14.0,1.5,0.0,1.0,0.0,0.0,0.0,0.0,0.0,0.0,0.0
091,0.0,0.0,0.0,0.0,0.0,0.0,0.0,0.0,0.0,0.0,38.0,79.5,56.0,59.5,74.25,73.0,35.25,3.0,4.0,9.5,0.0,0.0
092,0.0,0.0,0.0,0.0,0.0,0.0,0.0,0.0,0.0,6.5,20.0,15.5,20.5,34.0,37.0,24.5,6.5,3.0,7.5,1.0,0.0,0.0
093,0.0,0.0,0.0,0.0,0.0,11.5,42.5,35.0,30.0,22.0,29.0,18.0,5.0,0.0,3.0,0.0,0.0,0.0,0.0,0.0,0.0,0.0
094,0.0,0.0,0.0,1.0,2.0,9.0,17.0,10.0,16.5,34.5,33.0,15.0,2.0,5.0,9.5,1.5,0.0,0.0,0.0,0.0,0.0,0.0
095,0.0,0.0,0.0,0.0,3.5,29.0,35.0,38.5,25.5,23.5,25.0,10.0,0.0,2.0,0.0,0.0,0.0,0.0,0.0,0.0,0.0,0.0
096,0.0,0.0,0.0,0.0,0.0,0.0,7.25,29.25,8.5,15.25,50.0,51.5,24.25,5.75,4.5,10.25,1.5,0.0,0.0,0.0,0.0,0.0
097,0.0,0.0,0.0,0.0,0.0,0.0,0.0,0.0,0.0,0.5,24.5,55.5,45.0,28.0,24.0,35.0,22.5,1.5,0.0,3.5,0.0,0.0
098,0.0,0.0,0.0,0.0,0.0,0.0,0.0,0.0,0.0,16.0,41.5,29.0,20.0,34.5,28.5,14.5,3.0,3.0,2.0,0.0,0.0,0.0
099,0.0,0.0,0.0,0.0,0.0,0.0,1.0,10.5,18.0,17.0,23.0,37.5,39.5,25.0,5.5,4.0,11.0,0.0,0.0,0.0,0.0,0.0
100,0.0,0.0,0.0,0.0,4.5,24.5,18.5,19.0,37.0,52.0,25.5,12.0,0.5,11.0,3.5,0.0,0.0,0.0,0.0,0.0,0.0,0.0
101,0.0,0.0,0.0,0.0,0.0,14.5,35.0,30.5,15.5,20.0,26.0,15.0,0.0,1.0,2.5,0.0,0.0,0.0,0.0,0.0,0.0,0.0
102,0.0,0.0,0.0,0.0,0.0,0.0,0.0,0.0,26.5,48.0,52.5,41.5,33.0,36.5,16.5,1.0,6.5,2.0,0.0,0.0,0.0,0.0
103,0.0,0.0,0.0,0.0,0.0,15.0,33.5,42.0,27.0,21.0,26.5,22.0,2.0,2.0,1.0,0.0,0.0,0.0,0.0,0.0,0.0,0.0
104,0.0,0.0,0.0,0.0,0.0,0.0,0.0,0.0,0.0,10.5,18.0,12.0,15.5,28.0,30.5,20.0,0.0,1.5,8.0,0.0,0.0,0.0
105,0.0,0.0,0.0,0.0,0.0,0.0,0.0,0.0,0.5,12.0,24.5,13.0,21.5,37.0,35.0,15.0,3.5,5.0,8.0,1.0,0.0,0.0
106,0.0,0.0,0.0,0.0,0.0,0.0,1.0,0.0,0.0,3.0,18.75,52.5,60.25,35.5,21.5,30.5,27.5,3.5,0.0,2.0,0.0,0.0
107,0.0,0.0,0.5,3.0,25.75,70.5,59.5,41.0,42.0,51.25,30.0,8.5,1.0,3.0,0.0,0.0,0.0,0.0,0.0,0.0,0.0,0.0
108,0.0,0.0,0.0,3.0,11.5,41.5,42.5,24.0,24.5,26.0,13.5,3.5,1.0,1.0,0.0,0.0,0.0,0.0,0.0,0.0,0.0,0.0
109,0.0,0.0,0.0,0.0,0.0,7.0,36.0,28.5,31.0,55.0,81.0,52.0,11.0,4.0,26.5,4.0,0.0,0.0,0.0,0.0,0.0,0.0
110,0.0,0.0,0.0,0.0,11.5,25.0,18.0,22.0,36.5,38.0,21.0,7.0,2.0,8.5,2.5,0.0,0.0,0.0,0.0,0.0,0.0,0.0
111,0.0,0.0,0.0,0.0,0.0,0.0,1.0,12.75,19.75,13.0,16.5,42.0,35.75,17.75,4.5,5.5,6.5,1.0,0.0,0.0,0.0,0.0
112,0.0,0.0,0.0,0.0,0.0,0.0,0.0,0.0,0.0,7.0,20.0,10.5,12.0,25.0,34.5,19.5,0.0,1.0,10.5,0.0,0.0,0.0
113,2.0,4.5,24.5,29.0,15.0,26.0,55.5,61.0,25.5,2.0,10.0,17.0,0.0,0.0,0.0,0.0,0.0,0.0,0.0,0.0,0.0,0.0
114,0.0,0.0,0.0,0.0,0.0,0.0,0.0,13.75,19.75,15.5,18.25,41.0,35.75,28.25,7.5,0.75,9.0,2.5,0.0,0.0,0.0,0.0
115,0.0,0.0,0.0,0.0,0.0,0.0,0.0,0.0,0.0,10.0,28.5,25.0,17.0,35.0,30.5,23.0,12.0,2.5,5.5,3.0,0.0,0.0
116,0.0,0.0,0.0,0.0,0.0,0.0,0.0,0.0,4.0,34.0,80.5,87.0,68.5,51.5,57.5,35.5,8.5,2.0,2.5,0.5,0.0,0.0
117,0.0,0.0,0.0,17.75,31.5,36.5,23.0,22.5,32.25,22.0,2.0,2.0,2.5,0.0,0.0,0.0,0.0,0.0,0.0,0.0,0.0,0.0
118,0.0,0.0,0.0,0.0,3.5,18.5,28.0,35.5,23.0,23.0,22.0,15.0,2.5,2.0,3.0,0.0,0.0,0.0,0.0,0.0,0.0,0.0
119,0.0,0.0,0.0,6.5,27.25,27.75,35.25,43.25,58.0,52.5,21.0,2.0,8.5,6.0,0.0,0.0,0.0,0.0,0.0,0.0,0.0,0.0
120,0.0,0.0,0.0,0.0,0.0,0.0,0.0,0.0,0.0,12.25,28.75,27.25,23.0,37.0,32.0,21.75,4.0,1.0,5.0,0.0,0.0,0.0
121,0.0,0.0,0.0,0.0,0.0,0.0,0.0,0.0,0.0,3.75,31.5,47.5,53.5,33.5,27.75,34.0,21.5,0.5,2.5,0.0,0.0,0.0
122,0.0,0.0,0.0,0.0,17.0,34.25,26.0,26.75,34.0,42.0,28.0,2.0,2.0,11.5,0.5,0.0,0.0,0.0,0.0,0.0,0.0,0.0
123,0.0,0.0,0.0,0.0,0.0,0.0,0.0,7.0,23.75,10.75,21.0,39.75,42.0,26.25,4.5,3.5,13.5,0.0,0.0,0.0,0.0,0.0
124,0.0,0.0,0.0,0.0,0.0,0.0,0.0,0.0,14.75,31.0,22.25,28.75,21.25,26.0,21.5,4.0,0.5,5.0,1.0,0.0,0.0,0.0
125,0.0,0.0,0.0,0.0,0.0,0.0,0.0,1.0,17.5,28.5,31.5,23.0,17.75,24.0,12.0,0.0,4.5,0.25,0.0,0.0,0.0,0.0
126,0.0,0.0,0.0,0.0,0.0,0.0,4.5,24.5,20.0,19.0,37.0,52.0,25.5,12.0,0.5,9.5,3.5,0.0,0.0,0.0,0.0,0.0
127,0.0,0.0,0.0,0.0,0.0,0.0,3.0,17.75,25.5,29.5,25.5,17.75,16.75,9.25,1.5,1.0,0.5,0.0,0.0,0.0,0.0,0.0
128,0.0,0.0,0.0,0.0,0.0,0.0,0.0,1.0,5.75,38.0,54.75,33.75,11.5,22.5,19.75,4.0,1.0,0.0,0.0,0.0,0.0,0.0
129,0.0,0.0,0.0,0.0,0.0,0.0,0.0,2.0,8.5,23.5,39.0,24.5,32.0,30.5,20.5,3.0,3.0,5.5,0.0,0.0,0.0,0.0
130,0.0,0.0,0.0,0.0,0.0,0.0,0.0,0.0,5.0,29.0,54.0,30.0,25.0,27.0,26.0,0.0,0.0,4.0,0.0,0.0,0.0,0.0
131,0.0,0.0,0.0,0.0,0.0,0.0,0.0,1.5,8.25,42.0,37.75,23.25,13.0,22.25,10.5,1.5,0.0,0.0,0.0,0.0,0.0,0.0
133,0.0,0.0,0.0,0.0,0.0,0.0,16.0,55.25,33.5,44.25,100.5,114.0,77.0,20.0,7.0,23.5,6.5,0.5,0.0,0.0,0.0,0.0
134,0.0,0.0,0.0,0.0,0.0,0.5,9.25,37.0,21.25,16.75,42.75,50.75,22.75,9.0,3.0,7.5,3.5,0.0,0.0,0.0,0.0,0.0
135,0.0,0.0,0.0,0.0,0.0,0.0,0.0,0.0,0.0,18.25,57.5,57.0,38.5,20.5,40.0,20.0,1.75,1.5,1.0,0.0,0.0,0.0
136,0.0,0.0,0.0,0.0,0.0,0.0,0.0,0.5,3.0,27.5,32.5,18.5,11.0,19.0,11.5,3.5,0.0,1.0,0.0,0.0,0.0,0.0
137,0.0,0.0,0.0,0.0,0.0,0.0,0.0,0.0,17.25,66.5,66.0,35.25,26.25,50.0,31.75,1.5,0.0,5.5,0.0,0.0,0.0,0.0
138,0.0,0.0,0.0,0.0,0.0,0.0,0.0,1.0,5.5,29.5,13.0,10.5,47.0,47.0,24.5,9.0,7.0,9.0,5.0,0.0,0.0,0.0
139,0.0,0.0,0.0,0.0,1.0,0.0,0.0,3.0,32.25,42.0,37.0,29.0,27.0,20.75,12.5,0.5,3.0,0.0,0.0,0.0,0.0,0.0
140,0.0,0.0,0.0,0.0,0.0,0.0,0.0,8.5,34.5,40.0,27.0,11.5,31.5,24.0,7.0,0.5,2.0,1.5,0.0,0.0,0.0,0.0
141,0.0,0.0,0.0,0.0,0.0,0.0,0.0,0.0,0.0,0.0,4.75,40.75,44.75,19.0,16.0,30.5,18.25,0.0,0.0,2.0,0.0,0.0
142,0.0,0.0,0.0,0.0,0.0,3.0,13.5,25.0,21.0,29.0,43.25,52.25,35.75,8.75,7.0,13.5,4.0,0.0,0.0,0.0,0.0,0.0
143,0.0,0.0,0.0,0.0,0.0,1.0,34.0,79.5,70.5,42.5,43.5,69.5,39.0,2.0,0.0,6.0,0.0,0.0,0.0,0.0,0.0,0.0
144,0.0,0.0,0.0,0.0,0.0,0.0,0.0,0.0,0.0,2.5,16.75,41.25,26.75,22.5,20.25,29.0,18.5,3.0,1.0,5.5,1.0,0.0
145,0.0,0.0,0.0,0.0,0.0,0.0,0.5,7.5,21.75,7.5,15.5,37.5,34.0,19.25,1.5,3.5,11.5,0.0,0.0,0.0,0.0,0.0
146,0.0,0.0,0.0,0.0,0.0,0.5,0.0,4.75,18.25,9.0,12.75,28.5,34.75,18.5,4.0,2.5,8.5,2.0,0.0,0.0,0.0,0.0
147,0.0,0.0,0.0,1.0,13.5,40.75,50.5,24.25,24.5,28.5,20.5,3.0,0.5,1.0,0.0,0.0,0.0,0.0,0.0,0.0,0.0,0.0
148,0.0,0.0,0.0,0.0,0.0,0.0,0.0,1.5,11.5,47.5,34.0,13.0,12.0,25.0,12.0,1.5,0.0,2.0,0.0,0.0,0.0,0.0
149,0.0,0.0,0.0,0.0,4.0,17.5,19.0,18.75,21.25,25.0,13.25,2.0,2.25,5.0,0.0,0.0,0.0,0.0,0.0,0.0,0.0,0.0
151,0.0,0.0,0.0,0.0,0.0,0.0,0.0,0.0,11.5,37.5,29.5,15.0,9.25,26.5,11.75,0.0,0.0,3.0,0.0,0.0,0.0,0.0
152,0.0,0.0,0.0,0.0,0.0,0.0,0.0,0.0,0.0,13.75,38.5,50.5,31.25,21.25,26.75,22.0,3.0,1.0,0.0,0.0,0.0,0.0
153,0.0,0.0,0.0,0.0,0.0,0.0,0.0,0.0,0.0,14.0,52.5,39.0,18.5,22.0,27.0,16.0,2.0,0.0,1.0,0.0,0.0,0.0
154,0.0,0.0,0.0,0.0,0.0,0.0,0.5,10.5,14.5,31.0,28.5,17.25,11.5,9.0,3.0,2.25,0.0,0.0,0.0,0.0,0.0,0.0
155,0.0,0.0,0.0,0.0,0.0,18.5,40.5,27.5,31.0,54.0,61.5,34.5,2.5,3.0,15.0,0.0,0.0,0.0,0.0,0.0,0.0,0.0
156,0.0,0.0,0.0,0.0,0.0,0.0,0.0,0.0,0.0,0.0,7.0,23.5,23.0,21.0,15.5,15.0,14.5,7.0,1.0,0.5,0.0,0.0
157,0.0,0.0,0.0,0.0,0.0,0.5,10.25,24.75,30.25,18.0,14.0,19.0,9.0,1.0,1.25,0.0,0.0,0.0,0.0,0.0,0.0,0.0
158,0.0,0.0,0.0,0.0,0.0,0.0,0.0,2.0,23.0,56.0,53.0,38.0,26.75,29.75,22.5,5.0,0.0,0.0,0.0,0.0,0.0,0.0
159,0.0,0.0,0.0,0.0,0.0,0.0,0.0,0.0,8.75,42.0,40.25,13.5,8.5,23.5,10.0,0.5,0.0,1.0,0.0,0.0,0.0,0.0
160,0.0,0.0,0.0,0.0,0.0,0.0,0.0,5.5,21.0,33.5,29.0,25.0,19.0,20.0,7.0,2.0,2.0,0.0,0.0,0.0,0.0,0.0
161,0.0,0.0,0.0,0.0,0.0,0.5,9.25,39.5,22.75,19.0,31.5,40.0,18.5,1.0,3.0,6.0,1.0,0.0,0.0,0.0,0.0,0.0
162,0.0,0.0,0.0,0.0,0.0,1.0,5.0,18.25,15.5,15.75,32.75,37.5,31.0,14.25,5.5,9.0,4.5,2.0,0.0,0.0,0.0,0.0
163,0.0,0.0,0.0,0.0,0.5,6.5,18.5,12.0,19.25,23.25,33.5,16.5,3.0,1.5,8.5,1.0,0.0,0.0,0.0,0.0,0.0,0.0
164,0.0,0.0,0.0,0.0,0.0,12.5,40.5,34.0,22.0,26.0,35.5,19.5,0.0,0.0,2.0,0.0,0.0,0.0,0.0,0.0,0.0,0.0
165,0.0,0.0,0.0,0.0,0.0,3.0,10.25,37.5,36.75,20.5,20.75,27.5,14.75,3.0,1.0,1.0,0.0,0.0,0.0,0.0,0.0,0.0
166,0.0,0.0,0.0,0.0,0.5,9.5,29.25,8.0,17.25,53.25,46.5,21.25,7.0,2.5,10.0,3.0,0.0,0.0,0.0,0.0,0.0,0.0
167,0.0,0.0,0.0,0.0,0.0,0.0,0.0,0.0,14.0,42.5,43.5,22.25,28.5,46.25,26.5,4.5,0.0,6.0,2.0,0.0,0.0,0.0
168,0.0,0.0,0.0,0.0,0.0,6.75,20.0,19.75,12.75,26.0,26.75,13.5,2.5,4.0,4.0,0.0,0.0,0.0,0.0,0.0,0.0,0.0
169,0.0,0.0,0.0,0.0,0.0,0.0,0.0,0.0,0.0,1.0,21.75,47.0,56.75,39.5,30.0,30.25,23.25,4.0,2.0,0.5,0.0,0.0
170,0.0,0.0,0.0,0.0,0.0,0.0,0.0,11.0,17.5,6.25,13.0,33.0,24.25,12.0,3.0,2.5,4.5,1.0,0.0,0.0,0.0,0.0
171,0.0,0.0,0.0,0.0,1.0,8.0,31.0,22.75,19.5,33.0,33.5,16.0,3.25,3.0,5.0,0.0,0.0,0.0,0.0,0.0,0.0,0.0
172,0.0,0.0,0.0,0.0,1.75,15.5,34.75,30.0,32.5,38.0,40.5,17.25,0.0,7.5,6.25,0.0,0.0,0.0,0.0,0.0,0.0,0.0
173,0.0,0.0,0.0,1.0,14.0,40.5,45.5,27.5,26.5,31.5,22.5,3.0,0.0,4.0,0.0,0.0,0.0,0.0,0.0,0.0,0.0,0.0
174,0.0,0.0,0.0,0.0,0.0,4.0,13.0,15.5,13.5,34.0,42.5,21.0,6.5,5.0,6.0,2.0,1.0,0.0,0.0,0.0,0.0,0.0
175,0.0,0.0,0.0,0.0,0.0,0.0,0.0,6.75,36.0,21.75,15.25,19.5,25.25,15.0,1.0,0.0,3.5,0.0,0.0,0.0,0.0,0.0
176,0.0,0.0,0.0,0.0,0.0,0.0,15.5,40.25,32.5,23.5,23.75,32.5,20.0,1.0,0.5,2.5,0.0,0.0,0.0,0.0,0.0,0.0
177,0.0,0.0,0.0,0.0,0.0,0.0,0.0,0.0,0.0,1.5,11.0,47.5,34.0,13.0,12.5,25.0,12.0,1.5,0.0,2.0,0.0,0.0
178,0.0,0.0,0.0,0.0,0.0,6.0,25.5,15.5,11.0,31.5,48.5,28.0,5.0,4.0,13.0,4.0,0.0,0.0,0.0,0.0,0.0,0.0
179,0.0,0.0,0.0,1.0,15.5,59.0,60.0,32.5,27.0,36.5,20.5,3.0,0.0,1.0,0.0,0.0,0.0,0.0,0.0,0.0,0.0,0.0
180,0.0,0.0,0.0,0.0,0.0,0.0,5.25,17.0,13.75,11.0,21.0,30.5,14.5,6.0,1.0,6.0,2.0,0.0,0.0,0.0,0.0,0.0
181,0.0,0.0,0.0,0.0,0.0,0.0,0.0,0.0,9.5,25.5,12.0,16.5,37.25,42.5,18.75,2.25,1.0,10.75,0.0,0.0,0.0,0.0
182,0.0,0.0,0.0,0.0,1.0,13.25,18.25,13.75,24.75,30.5,33.5,15.0,1.5,5.5,2.5,0.5,0.0,0.0,0.0,0.0,0.0,0.0
183,0.0,0.0,0.0,0.0,0.0,0.0,0.0,0.5,13.25,35.0,33.25,25.0,15.75,21.25,13.0,2.5,0.5,0.0,0.0,0.0,0.0,0.0
184,0.0,0.0,0.0,0.0,0.0,0.0,9.75,24.5,17.0,15.5,40.0,36.25,29.5,7.0,3.0,8.0,5.5,0.0,0.0,0.0,0.0,0.0
185,0.0,0.0,0.0,0.0,0.0,0.0,4.5,17.25,13.75,16.25,21.25,22.0,17.75,7.75,2.0,4.0,1.5,0.0,0.0,0.0,0.0,0.0
186,0.0,0.0,0.0,0.0,0.0,0.0,13.5,26.5,22.0,25.5,28.0,34.5,19.5,1.0,1.0,4.5,0.0,0.0,0.0,0.0,0.0,0.0
187,0.0,0.0,0.0,0.0,0.0,0.0,0.5,13.0,26.25,26.5,17.5,12.5,18.75,11.5,0.5,1.0,0.0,0.0,0.0,0.0,0.0,0.0
188,0.0,0.0,0.0,0.0,0.0,4.0,23.5,44.0,52.25,17.5,15.75,19.5,14.5,1.0,0.0,0.0,0.0,0.0,0.0,0.0,0.0,0.0
189,0.0,0.0,0.0,0.0,0.0,0.0,0.0,0.0,0.0,2.5,5.25,24.0,23.25,19.5,16.75,18.25,9.5,4.5,3.0,1.5,0.0,0.0
190,0.0,0.0,0.0,0.0,0.0,0.0,0.5,12.0,29.5,18.5,21.0,24.0,42.5,25.5,4.0,0.5,13.0,1.0,0.0,0.0,0.0,0.0
191,0.0,0.0,0.0,0.0,0.0,0.0,0.0,10.0,31.0,25.0,23.0,34.75,35.0,18.75,5.5,3.0,4.0,2.0,0.0,0.0,0.0,0.0
192,0.0,0.0,0.0,0.0,0.0,11.25,42.0,47.25,31.0,11.0,24.5,18.0,7.0,0.0,0.0,0.0,0.0,0.0,0.0,0.0,0.0,0.0
193,0.0,0.0,0.0,0.0,0.0,0.0,0.5,11.5,19.0,7.5,15.75,26.0,30.75,14.5,0.0,3.0,7.5,0.0,0.0,0.0,0.0,0.0
194,0.0,0.0,0.0,0.0,0.0,0.0,0.0,0.0,0.0,24.0,56.0,35.0,34.0,68.0,83.0,46.0,5.0,6.0,22.0,5.0,0.0,0.0
195,0.0,0.0,0.0,0.0,0.0,0.0,0.0,0.0,0.0,17.0,47.625,54.5,29.0,15.25,33.0,22.125,3.5,1.0,1.0,0.0,0.0,0.0
196,0.0,0.0,0.0,0.5,9.25,26.75,14.75,19.75,40.5,45.0,23.0,1.0,0.5,11.0,0.0,0.0,0.0,0.0,0.0,0.0,0.0,0.0
197,0.0,0.0,0.0,0.0,0.0,0.5,21.5,61.75,50.5,57.5,102.5,92.0,44.75,8.75,11.75,14.0,2.5,0.0,0.0,0.0,0.0,0.0
198,0.0,0.0,0.0,0.0,0.0,0.0,4.25,26.0,32.25,24.25,38.75,52.0,52.25,21.75,3.0,9.5,8.0,0.0,0.0,0.0,0.0,0.0
199,0.0,0.0,0.0,0.0,0.0,11.5,32.75,28.0,34.75,49.0,42.0,35.0,7.0,3.0,9.0,0.0,0.0,0.0,0.0,0.0,0.0,0.0
200,0.0,0.0,0.0,0.0,0.0,8.0,31.0,28.5,45.25,51.5,29.0,23.0,14.25,4.0,5.5,0.0,0.0,0.0,0.0,0.0,0.0,0.0
201,0.0,0.0,0.0,5.0,25.0,47.75,49.0,37.75,35.0,43.25,27.75,10.25,2.5,2.75,2.0,0.0,0.0,0.0,0.0,0.0,0.0,0.0
202,0.0,0.0,0.0,0.0,0.0,0.0,0.0,4.5,11.0,36.0,74.0,99.0,65.75,45.5,46.25,29.75,13.0,5.25,0.0,2.0,0.0,0.0
203,0.0,0.0,0.0,0.0,0.0,12.5,21.0,7.5,18.5,48.0,68.5,42.0,4.5,6.0,21.0,2.5,0.0,0.0,0.0,0.0,0.0,0.0
204,0.0,0.0,0.0,0.0,0.0,6.5,22.5,10.5,12.25,29.0,35.25,17.5,0.0,1.0,9.5,0.0,0.0,0.0,0.0,0.0,0.0,0.0
205,0.0,0.0,0.0,0.0,0.0,0.0,16.5,70.75,105.0,130.0,126.75,124.0,103.0,55.25,16.5,13.5,6.25,0.5,0.0,0.0,0.0,0.0
206,0.0,0.0,0.0,0.0,0.0,7.0,28.75,30.25,26.5,29.0,47.0,35.25,9.75,2.0,9.0,2.5,1.0,0.0,0.0,0.0,0.0,0.0
207,0.0,0.0,0.0,0.0,0.0,0.5,12.75,23.0,12.75,20.25,42.0,41.75,22.0,2.0,5.5,8.5,1.0,0.0,0.0,0.0,0.0,0.0
208,0.0,0.0,0.0,0.0,0.0,0.0,0.0,0.0,13.5,40.0,18.0,21.5,47.0,70.0,33.0,2.5,0.0,18.5,0.0,0.0,0.0,0.0
209,0.0,0.0,0.0,0.0,2.5,25.0,39.0,40.5,30.0,18.0,21.5,13.5,0.5,1.5,0.0,0.0,0.0,0.0,0.0,0.0,0.0,0.0
210,0.0,0.0,0.0,0.0,0.0,1.5,6.0,19.0,28.5,23.5,32.25,54.0,37.75,11.5,5.0,6.0,3.0,0.0,0.0,0.0,0.0,0.0
211,0.0,0.0,0.0,0.0,0.0,0.0,0.0,13.0,37.75,45.5,35.25,29.0,36.75,35.75,10.0,0.0,4.0,1.0,0.0,0.0,0.0,0.0
212,0.0,0.0,0.0,0.5,15.0,46.75,54.5,35.5,16.5,28.5,22.75,3.0,0.0,1.0,0.0,0.0,0.0,0.0,0.0,0.0,0.0,0.0
213,0.0,0.0,0.0,0.0,0.0,0.0,6.5,22.5,14.5,14.0,29.25,38.0,26.25,7.0,3.0,9.5,1.5,0.0,0.0,0.0,0.0,0.0
214,0.0,0.0,0.0,0.0,0.0,0.0,2.75,32.0,59.25,55.0,47.25,63.5,86.75,44.25,1.0,5.5,14.75,0.0,0.0,0.0,0.0,0.0
215,0.0,0.0,0.0,0.0,1.5,38.25,72.25,48.0,48.0,82.75,78.0,37.0,3.0,8.25,10.0,1.0,0.0,0.0,0.0,0.0,0.0,0.0
216,0.0,0.0,0.0,0.0,0.0,0.0,0.0,2.0,0.0,5.0,6.75,48.0,72.5,48.25,27.0,29.75,31.25,15.0,3.0,0.5,3.0,0.0
217,0.0,0.0,0.0,0.0,0.0,0.0,0.0,9.0,32.5,44.0,35.5,16.0,25.0,19.0,8.0,1.0,2.0,0.0,0.0,0.0,0.0,0.0
218,0.0,0.0,0.0,0.0,0.5,13.0,47.5,22.5,24.0,44.25,52.75,26.0,1.5,3.0,12.0,1.0,0.0,0.0,0.0,0.0,0.0,0.0
219,0.0,0.0,0.0,0.0,0.0,0.0,15.25,32.0,25.75,16.5,31.25,29.5,18.75,0.25,4.0,2.75,0.0,0.0,0.0,0.0,0.0,0.0
220,0.0,0.0,0.0,0.0,0.0,2.0,27.5,66.5,65.5,49.5,66.0,63.5,32.0,2.0,5.0,4.5,0.0,0.0,0.0,0.0,0.0,0.0
221,0.0,0.0,0.0,0.0,0.0,0.0,0.0,7.75,16.25,7.25,13.5,34.0,36.75,26.0,5.75,2.5,7.75,2.5,0.0,0.0,0.0,0.0
222,0.0,0.0,0.0,0.0,0.0,0.0,0.0,6.5,29.5,34.0,46.5,30.0,24.5,21.0,17.5,3.0,3.5,0.0,0.0,0.0,0.0,0.0
223,0.0,0.0,0.0,0.0,0.0,0.0,2.75,15.5,44.75,50.5,32.5,27.0,32.75,19.5,4.75,4.0,1.0,1.0,0.0,0.0,0.0,0.0
224,0.0,0.0,0.0,0.0,0.0,0.0,7.0,31.75,35.25,13.5,8.25,17.75,12.5,1.0,0.0,1.0,0.0,0.0,0.0,0.0,0.0,0.0
225,0.0,0.0,0.0,0.0,0.0,7.25,25.0,17.25,21.25,26.0,30.75,20.5,4.25,1.0,6.25,0.5,0.0,0.0,0.0,0.0,0.0,0.0
226,0.0,0.0,0.0,0.0,0.0,13.25,24.25,14.25,14.5,30.75,31.25,20.75,0.75,1.5,8.75,0.0,0.0,0.0,0.0,0.0,0.0,0.0
227,0.0,0.0,0.0,0.0,0.5,15.0,34.25,14.25,20.25,54.25,66.5,48.75,4.75,0.0,21.5,4.0,0.0,0.0,0.0,0.0,0.0,0.0
228,0.0,0.0,0.0,0.0,0.0,0.0,0.0,3.0,11.25,4.5,10.25,20.0,24.75,14.25,1.5,1.0,5.5,0.0,0.0,0.0,0.0,0.0
229,0.0,0.0,0.0,0.0,0.0,17.25,44.0,17.5,32.0,63.0,59.25,34.75,3.0,2.25,14.5,0.5,0.0,0.0,0.0,0.0,0.0,0.0
230,0.0,0.0,0.0,0.0,0.0,7.25,36.25,27.25,16.0,21.5,30.0,15.25,3.0,0.0,2.5,1.0,0.0,0.0,0.0,0.0,0.0,0.0
231,0.0,0.0,0.0,0.0,0.0,0.0,0.0,12.25,23.0,41.5,41.5,34.0,20.75,21.5,9.0,2.5,2.0,0.0,0.0,0.0,0.0,0.0
232,0.0,0.0,0.0,0.0,0.0,0.0,13.25,29.25,20.75,13.75,35.0,33.25,19.75,4.5,2.25,5.0,3.25,0.0,0.0,0.0,0.0,0.0
233,0.0,0.0,0.0,0.0,0.0,0.0,0.0,0.0,0.0,1.0,25.5,38.5,42.0,23.5,22.0,24.0,13.5,0.0,2.0,0.0,0.0,0.0
234,0.0,0.0,0.0,0.0,0.0,0.0,44.0,81.5,93.5,58.5,56.5,63.5,41.5,4.0,8.0,5.0,0.0,0.0,0.0,0.0,0.0,0.0
235,0.0,0.0,0.0,0.0,0.0,0.0,13.25,48.5,68.0,41.5,25.0,33.5,27.0,7.25,0.0,0.0,0.0,0.0,0.0,0.0,0.0,0.0
236,0.0,0.0,0.0,0.0,0.0,0.0,0.0,0.0,2.0,8.75,11.25,14.25,22.0,24.0,20.25,12.5,3.25,6.0,2.25,1.5,0.0,0.0
237,0.0,0.0,0.0,0.0,0.0,13.0,32.25,24.0,25.75,40.75,64.0,33.25,4.75,0.0,16.25,2.0,0.0,0.0,0.0,0.0,0.0,0.0
238,0.0,0.0,0.0,0.0,0.0,0.0,0.0,0.0,8.75,24.75,20.5,15.75,37.0,26.25,16.75,2.75,4.0,3.5,0.0,0.0,0.0,0.0
239,0.0,0.0,0.0,0.0,0.0,0.0,0.75,17.25,54.0,52.75,26.75,20.25,28.0,20.0,4.25,0.0,0.0,0.0,0.0,0.0,0.0,0.0
240,0.0,0.0,0.0,0.0,0.0,0.0,0.0,3.5,20.0,6.0,9.75,25.25,28.75,18.25,1.5,3.0,8.0,0.0,0.0,0.0,0.0,0.0
241,0.0,0.0,0.0,0.0,0.0,0.5,17.25,58.75,46.25,41.75,60.75,70.5,43.75,19.25,4.5,12.25,4.5,0.0,0.0,0.0,0.0,0.0
242,0.0,0.0,0.0,0.0,0.0,0.0,0.0,0.5,8.75,26.0,21.5,24.0,26.5,33.75,21.5,2.5,2.0,7.0,2.0,0.0,0.0,0.0
243,0.0,0.0,0.0,0.0,0.0,11.5,38.5,18.0,29.0,40.5,47.0,35.0,5.5,3.0,12.0,0.0,0.0,0.0,0.0,0.0,0.0,0.0
244,0.0,0.0,0.0,0.0,14.75,36.5,20.75,23.75,51.0,62.25,30.5,0.5,2.0,14.0,0.0,0.0,0.0,0.0,0.0,0.0,0.0,0.0
245,0.0,0.0,0.0,0.0,0.0,4.5,23.25,10.25,12.0,28.5,25.5,16.25,1.75,1.0,5.0,0.0,0.0,0.0,0.0,0.0,0.0,0.0
246,0.0,0.0,0.0,0.0,0.0,0.0,0.0,4.75,26.75,31.25,34.5,34.25,31.5,27.75,10.5,1.75,5.0,0.0,0.0,0.0,0.0,0.0
247,0.0,0.0,0.0,0.0,0.0,0.0,0.0,0.0,8.5,21.75,22.5,17.25,16.75,22.5,13.25,2.75,0.0,2.75,0.0,0.0,0.0,0.0
248,0.0,0.0,0.0,0.0,0.0,0.0,0.0,1.25,12.5,31.0,34.5,21.5,19.0,17.5,14.0,6.0,1.5,0.25,1.0,0.0,0.0,0.0
249,0.0,0.0,0.0,0.0,0.0,0.0,0.0,2.0,17.0,25.0,24.5,23.25,21.0,26.25,15.5,0.5,2.0,3.0,0.0,0.0,0.0,0.0
250,0.0,0.0,0.0,0.0,0.0,0.0,0.0,0.0,1.0,12.5,35.0,34.5,22.5,25.0,21.25,17.5,4.75,2.0,0.0,0.0,0.0,0.0
251,0.0,0.0,0.0,0.0,1.5,6.5,17.5,14.25,18.0,28.25,32.75,19.5,7.75,1.75,9.0,3.25,0.0,0.0,0.0,0.0,0.0,0.0
252,0.0,0.0,0.0,0.0,11.0,42.25,69.5,68.0,69.0,52.5,59.25,32.0,6.0,6.5,8.0,0.0,0.0,0.0,0.0,0.0,0.0,0.0
253,0.0,0.0,0.0,0.0,0.0,7.5,36.75,13.5,19.75,52.25,68.0,36.75,5.0,0.0,16.5,4.0,0.0,0.0,0.0,0.0,0.0,0.0
254,0.0,0.0,0.0,0.0,0.0,0.0,3.25,13.25,43.5,45.5,25.25,22.25,31.75,16.5,2.5,3.0,1.25,0.0,0.0,0.0,0.0,0.0
255,0.0,0.0,0.0,0.0,0.0,0.0,0.0,0.0,1.0,27.5,53.5,55.0,34.5,29.5,27.0,16.5,5.5,1.5,0.5,0.0,0.0,0.0
256,0.0,0.0,0.0,0.0,1.5,13.5,46.25,48.5,22.0,20.0,35.5,17.25,1.75,0.0,1.75,0.0,0.0,0.0,0.0,0.0,0.0,0.0
257,0.0,0.0,0.0,0.0,0.0,11.5,42.5,35.0,30.0,22.0,29.0,18.0,5.0,0.0,3.0,0.0,0.0,0.0,0.0,0.0,0.0,0.0
258,0.0,0.0,0.0,0.0,0.0,0.0,0.0,0.5,26.25,52.0,54.5,23.25,20.0,37.0,14.75,0.5,1.25,2.0,0.0,0.0,0.0,0.0
259,0.0,0.0,0.0,0.0,0.0,0.0,0.0,0.0,0.0,0.0,38.0,79.0,54.0,60.5,74.25,74.0,35.75,3.0,4.0,9.5,0.0,0.0
260,0.0,0.0,0.0,0.0,0.0,12.0,36.5,28.0,18.5,20.0,27.0,15.0,0.0,0.0,3.0,0.0,0.0,0.0,0.0,0.0,0.0,0.0
261,0.0,0.0,0.0,0.0,0.0,0.0,0.0,0.0,7.0,22.5,19.0,20.0,36.0,39.5,26.75,5.5,4.25,7.0,4.5,0.0,0.0,0.0
262,0.0,0.0,0.0,0.0,1.0,5.5,17.0,6.5,13.0,32.0,45.5,29.0,7.5,0.5,12.5,6.0,0.0,0.0,0.0,0.0,0.0,0.0
263,0.0,0.0,0.0,0.0,0.0,0.0,0.0,0.0,8.5,32.5,16.5,15.0,45.5,49.0,23.5,5.0,4.0,7.5,1.0,0.0,0.0,0.0
264,0.0,0.0,0.0,0.0,0.0,12.5,37.0,41.25,36.5,26.0,23.75,20.5,7.0,0.5,2.0,1.0,0.0,0.0,0.0,0.0,0.0,0.0
265,0.0,0.0,0.0,0.0,0.0,0.0,0.0,0.0,0.0,11.5,30.0,30.0,24.75,44.75,42.75,29.75,10.5,2.5,10.0,3.5,0.0,0.0
266,0.0,0.0,0.0,0.0,0.0,7.0,22.5,15.5,23.0,33.75,34.5,21.0,7.0,3.0,7.75,1.0,0.0,0.0,0.0,0.0,0.0,0.0
267,0.0,0.0,0.0,1.0,1.0,1.0,8.0,22.0,16.0,17.5,39.0,42.5,23.5,8.0,4.0,9.5,3.0,0.0,0.0,0.0,0.0,0.0
268,0.0,0.0,0.0,0.0,0.0,0.0,5.0,27.75,56.75,57.0,40.25,35.5,46.5,24.75,6.0,1.0,3.5,0.0,0.0,0.0,0.0,0.0
269,0.0,0.0,0.0,0.0,0.0,8.0,29.0,19.0,27.5,42.5,52.0,28.0,2.5,2.0,13.5,0.0,0.0,0.0,0.0,0.0,0.0,0.0
270,0.0,0.0,0.0,0.0,0.0,0.0,0.5,18.75,27.5,15.75,23.75,36.25,36.5,17.5,1.0,5.0,5.5,0.0,0.0,0.0,0.0,0.0
271,0.0,0.0,0.0,0.0,0.0,0.0,0.0,0.5,17.0,25.5,14.0,26.0,39.0,34.0,17.0,1.0,3.0,7.0,0.0,0.0,0.0,0.0
272,0.0,0.0,0.0,0.0,6.0,23.5,39.5,52.5,50.0,29.0,26.5,18.5,8.0,2.5,0.0,0.0,0.0,0.0,0.0,0.0,0.0,0.0
273,0.0,0.0,0.0,0.0,0.0,0.0,1.0,0.0,1.0,15.5,32.0,36.0,27.25,27.5,24.75,20.5,4.5,2.0,0.0,0.0,0.0,0.0
274,0.0,0.0,0.0,0.0,0.0,4.5,20.5,46.5,35.25,24.5,31.25,31.5,9.0,1.0,3.0,1.0,0.0,0.0,0.0,0.0,0.0,0.0
275,0.0,0.0,0.0,0.0,0.0,0.0,0.0,0.0,0.0,0.0,12.25,32.5,45.25,28.0,21.5,27.0,22.5,3.0,2.0,2.0,0.0,0.0
276,0.0,0.0,0.0,0.0,0.0,0.0,0.0,0.5,12.25,29.0,43.5,19.0,16.25,19.25,16.25,2.0,2.0,0.0,0.0,0.0,0.0,0.0
277,0.0,0.0,0.0,0.0,0.0,0.0,1.0,16.5,56.75,43.5,39.0,44.0,51.5,36.75,6.0,1.5,6.0,1.5,0.0,0.0,0.0,0.0
278,0.0,0.0,0.0,0.0,0.0,0.0,0.0,0.0,0.0,0.0,0.0,13.0,44.5,53.5,29.5,22.0,32.5,22.0,5.0,0.5,0.0,1.5
279,0.0,0.0,2.5,3.0,4.5,12.0,26.0,31.5,24.5,14.5,17.75,14.0,5.75,1.0,3.0,0.0,0.0,0.0,0.0,0.0,0.0,0.0
280,0.0,0.0,0.0,0.0,0.0,0.0,0.0,0.0,0.0,28.5,69.5,63.5,41.5,40.0,48.0,25.5,2.0,1.5,1.0,1.0,0.0,0.0
281,0.0,0.0,0.0,0.0,0.0,7.5,27.5,19.5,23.0,29.5,43.0,25.0,1.5,1.0,14.5,0.0,0.0,0.0,0.0,0.0,0.0,0.0
282,0.0,0.0,0.0,0.0,0.0,0.0,3.25,13.25,43.5,45.5,25.25,22.25,31.75,16.5,2.5,3.0,1.25,0.0,0.0,0.0,0.0,0.0
283,0.0,0.0,0.0,0.0,0.0,0.0,0.0,0.0,9.0,28.75,14.0,22.25,43.5,34.5,23.25,6.0,6.0,7.75,1.5,0.5,0.0,0.0
284,0.0,0.0,0.0,0.0,0.5,4.0,14.5,25.0,34.25,29.0,24.0,27.25,20.5,7.0,3.5,1.5,1.0,0.0,0.0,0.0,0.0,0.0
285,0.0,0.0,0.0,0.0,0.0,1.0,0.0,10.0,24.5,18.0,23.0,28.5,24.5,19.0,5.5,1.0,5.0,0.0,0.0,0.0,0.0,0.0
286,0.0,0.0,0.0,0.0,0.0,0.0,0.0,0.0,1.5,13.5,30.5,17.5,24.5,39.0,35.5,17.5,4.0,3.5,5.0,0.0,0.0,0.0
287,0.0,0.0,0.0,0.0,0.5,0.0,0.0,7.0,22.0,14.0,16.5,30.0,39.0,17.5,2.0,2.0,9.5,0.0,0.0,0.0,0.0,0.0
288,0.0,0.0,0.0,0.0,0.0,0.0,0.0,0.0,0.0,6.0,22.25,32.0,30.25,20.0,20.5,16.0,8.5,3.5,1.0,0.0,0.0,0.0
289,0.0,0.0,0.0,0.0,0.5,18.0,37.0,42.75,24.0,18.0,23.75,18.0,2.0,2.0,2.0,0.0,0.0,0.0,0.0,0.0,0.0,0.0
290,0.0,0.0,0.0,0.0,0.0,0.0,0.0,0.0,0.0,2.0,4.5,13.0,23.0,34.0,24.5,20.0,19.0,12.0,4.5,3.5,0.0,0.0
291,0.0,0.0,0.0,0.0,0.0,0.0,0.0,0.0,1.0,25.25,57.75,59.0,34.5,25.0,28.25,18.25,5.0,1.0,1.0,0.0,0.0,0.0
292,0.0,0.0,0.0,0.0,0.0,0.0,14.0,24.5,19.0,20.5,36.5,39.5,21.0,5.5,3.5,6.0,2.0,0.0,0.0,0.0,0.0,0.0
293,0.0,0.0,0.0,0.0,0.0,0.0,0.0,0.5,13.0,34.5,39.5,22.0,13.0,22.0,12.0,3.5,0.0,0.0,0.0,0.0,0.0,0.0
294,0.0,0.0,0.0,0.0,0.0,0.0,0.0,0.0,0.0,6.0,23.0,14.0,20.0,32.0,40.0,23.0,6.0,3.5,7.5,1.0,0.0,0.0
295,0.0,0.0,0.0,0.0,0.0,0.0,0.0,0.0,2.0,8.75,12.25,14.25,22.25,24.0,20.0,12.5,3.25,5.0,2.25,1.5,0.0,0.0
296,0.0,0.0,0.0,0.0,0.0,0.0,1.0,43.0,89.0,71.0,54.0,61.5,62.5,34.0,9.0,1.0,6.0,0.0,0.0,0.0,0.0,0.0
297,0.0,0.0,0.0,0.0,0.0,18.0,33.5,17.0,26.5,48.5,60.5,30.5,2.5,2.0,17.0,0.0,0.0,0.0,0.0,0.0,0.0,0.0
298,0.0,0.0,0.0,0.0,0.0,0.0,5.5,25.0,87.5,78.5,30.5,25.0,47.0,21.0,4.0,0.0,0.0,0.0,0.0,0.0,0.0,0.0
299,0.0,0.0,0.0,1.25,19.0,41.75,38.5,26.0,27.5,32.0,14.25,2.0,4.0,1.75,0.0,0.0,0.0,0.0,0.0,0.0,0.0,0.0
300,0.0,0.0,0.0,0.0,0.0,1.0,3.5,10.5,21.5,13.0,16.5,30.75,31.0,17.25,2.0,3.5,8.5,1.0,0.0,0.0,0.0,0.0
301,0.0,0.0,0.0,0.0,0.0,9.25,25.5,18.0,23.5,29.25,25.75,19.0,3.0,1.0,5.75,0.0,0.0,0.0,0.0,0.0,0.0,0.0
302,0.0,0.0,0.0,0.0,0.0,11.5,32.75,28.0,34.75,49.0,42.0,35.0,7.0,3.0,9.0,0.0,0.0,0.0,0.0,0.0,0.0,0.0
303,0.0,0.0,0.0,0.0,0.0,1.0,14.0,29.5,29.5,18.5,20.5,26.5,12.5,1.0,4.0,2.0,1.0,0.0,0.0,0.0,0.0,0.0
304,0.0,0.0,0.0,0.0,0.0,11.5,25.75,17.0,27.25,25.0,43.0,25.5,2.5,1.0,13.5,0.0,0.0,0.0,0.0,0.0,0.0,0.0
305,0.0,0.0,0.0,0.0,0.0,0.0,0.0,0.0,0.0,17.0,47.625,54.5,29.0,15.25,33.0,22.125,3.5,1.0,1.0,0.0,0.0,0.0
306,0.0,0.0,0.0,5.0,25.0,47.75,49.0,37.75,35.0,43.25,27.75,10.25,2.5,2.75,2.0,0.0,0.0,0.0,0.0,0.0,0.0,0.0
307,0.0,0.0,0.0,0.0,0.0,0.0,4.25,26.0,32.25,24.25,38.75,52.0,52.25,21.75,3.0,9.5,8.0,0.0,0.0,0.0,0.0,0.0
308,0.0,0.0,0.0,0.0,0.0,0.0,0.0,0.0,0.0,0.0,7.0,23.5,23.0,21.0,15.5,15.0,14.5,7.0,1.0,0.5,0.0,0.0
309,0.0,1.0,5.5,26.5,51.5,49.5,43.75,36.5,32.25,17.5,3.0,5.0,0.0,0.0,0.0,0.0,0.0,0.0,0.0,0.0,0.0,0.0
310,0.0,0.0,0.0,0.0,0.0,0.0,0.0,0.0,3.0,0.0,3.0,8.75,21.0,28.0,16.5,15.0,17.25,11.0,3.5,1.0,0.0,0.0
311,0.0,0.0,0.0,0.0,0.0,3.5,15.0,33.75,50.25,25.0,15.25,28.5,17.75,1.5,1.5,0.0,0.0,0.0,0.0,0.0,0.0,0.0
312,0.0,0.0,0.0,0.0,0.0,0.0,0.0,0.0,0.5,23.0,56.75,50.5,28.0,26.5,29.0,17.25,3.5,0.5,0.5,0.0,0.0,0.0
313,0.0,0.0,0.0,0.0,0.0,0.0,0.0,3.0,15.25,29.5,26.75,23.5,20.75,24.0,12.25,0.5,2.5,2.0,0.0,0.0,0.0,0.0
314,0.0,0.0,0.0,0.0,0.0,0.0,0.0,1.0,4.0,21.0,18.5,17.0,25.0,40.0,32.0,18.5,4.0,5.5,4.5,1.0,0.0,0.0
315,0.0,0.0,0.0,0.0,0.0,0.0,0.0,1.5,13.5,48.75,49.5,16.0,17.75,26.75,16.0,2.25,0.0,0.0,0.0,0.0,0.0,0.0
316,0.0,0.0,0.0,0.0,0.0,0.0,0.0,9.0,21.0,34.0,40.5,18.25,24.25,29.0,14.75,2.25,6.0,3.0,0.0,0.0,0.0,0.0
317,0.0,0.0,0.0,0.0,0.0,0.0,0.0,10.5,38.5,39.5,27.5,17.0,26.5,22.0,5.5,1.0,3.0,1.0,0.0,0.0,0.0,0.0
318,0.0,0.0,0.0,0.0,0.0,0.0,0.0,0.0,0.0,2.5,16.75,41.25,26.75,22.5,20.25,29.0,18.5,3.0,1.0,5.5,1.0,0.0
319,0.0,0.0,0.0,0.0,0.0,0.0,13.0,48.5,68.25,41.5,25.0,33.5,27.0,7.25,0.0,0.0,0.0,0.0,0.0,0.0,0.0,0.0
320,0.0,0.0,0.0,0.0,0.0,0.0,0.0,0.0,0.0,0.0,11.0,30.0,29.0,27.0,33.0,22.0,15.0,2.0,4.0,3.0,0.0,0.0
321,0.0,0.0,0.0,0.0,0.0,9.5,25.0,12.0,21.0,34.0,33.0,20.5,6.5,1.0,10.5,3.0,0.0,0.0,0.0,0.0,0.0,0.0
322,0.0,0.0,0.0,0.0,0.0,0.0,1.0,3.0,23.25,44.0,47.5,30.5,21.75,46.25,18.25,1.5,1.0,2.0,0.0,0.0,0.0,0.0
323,0.0,0.0,0.0,0.0,0.0,0.0,14.75,46.0,54.25,30.0,18.5,31.75,22.0,2.75,0.0,0.0,0.0,0.0,0.0,0.0,0.0,0.0
324,0.0,0.0,0.0,0.0,0.0,0.0,0.0,0.0,8.5,27.0,12.0,12.5,47.0,50.5,26.0,8.0,4.0,8.5,4.0,0.0,0.0,0.0
325,0.0,0.0,0.0,0.0,0.0,0.0,4.5,24.0,19.5,22.5,27.0,43.5,24.5,10.0,2.0,12.0,2.5,0.0,0.0,0.0,0.0,0.0
326,0.0,0.0,0.0,0.0,0.0,0.0,0.0,0.0,0.0,1.0,17.0,27.0,32.0,22.0,18.75,24.5,13.0,0.0,4.5,0.25,0.0,0.0
327,0.0,0.0,0.0,0.0,0.0,0.0,0.0,0.0,8.0,23.0,58.0,48.25,38.5,36.75,47.0,17.5,4.0,2.0,5.0,0.0,0.0,0.0
328,0.0,0.0,0.0,0.0,0.0,0.0,0.0,1.5,8.25,42.0,37.75,23.25,13.0,22.25,10.5,1.5,0.0,0.0,0.0,0.0,0.0,0.0
329,0.0,0.0,0.0,0.0,0.0,0.0,0.0,1.75,13.0,29.25,31.0,22.5,21.0,20.5,16.0,3.5,1.5,0.0,0.0,0.0,0.0,0.0
330,0.0,0.0,0.0,0.0,0.0,0.0,0.0,1.75,16.25,34.0,53.25,30.5,13.75,24.25,16.25,1.5,0.5,0.0,0.0,0.0,0.0,0.0
331,0.0,0.0,0.0,0.0,0.0,0.0,0.0,0.0,0.0,9.5,24.5,19.0,26.5,24.0,42.5,27.0,3.0,1.0,15.0,0.0,0.0,0.0
332,0.0,0.0,0.0,0.0,0.0,0.0,0.0,9.5,32.5,31.5,25.5,47.0,48.0,37.0,9.0,4.5,8.0,3.5,0.0,0.0,0.0,0.0
333,0.0,0.0,0.0,0.0,0.0,0.0,0.0,0.0,0.0,17.5,61.0,54.25,38.0,26.0,45.0,31.0,4.75,0.0,6.5,0.0,0.0,0.0
334,0.0,0.0,0.0,0.0,0.0,0.0,0.0,0.0,0.0,12.5,40.0,35.5,21.0,29.0,33.0,18.0,1.0,0.0,2.0,0.0,0.0,0.0
335,0.0,0.0,0.0,0.0,0.0,2.0,12.0,28.0,35.25,21.25,20.75,19.5,15.75,4.0,1.5,0.0,0.0,0.0,0.0,0.0,0.0,0.0
336,0.0,0.0,0.0,0.0,0.0,0.0,0.0,0.0,0.0,8.5,26.5,21.5,23.0,25.5,23.5,18.0,7.5,1.0,4.0,1.0,0.0,0.0
337,0.0,0.0,0.0,0.0,1.0,3.0,20.25,44.0,47.0,25.5,19.5,26.25,16.5,3.0,1.0,1.0,0.0,0.0,0.0,0.0,0.0,0.0
338,0.0,0.0,0.0,0.0,0.0,0.0,0.5,0.0,0.5,10.0,26.0,22.5,17.5,15.5,21.0,10.0,2.0,1.0,1.5,0.0,0.0,0.0
339,0.0,0.0,0.0,0.0,0.0,0.0,0.5,9.25,16.25,7.5,12.25,25.5,31.5,16.75,5.25,7.0,7.25,5.0,0.0,0.0,0.0,0.0
340,0.0,0.0,0.0,0.0,1.0,0.5,5.25,35.5,28.0,15.0,27.0,40.25,21.5,5.5,2.5,5.0,4.0,1.0,0.0,0.0,0.0,0.0
341,0.0,0.0,0.0,0.0,0.0,0.0,0.0,0.0,1.0,2.0,19.25,43.0,60.75,45.75,29.0,35.0,24.75,8.5,3.0,0.0,0.0,0.0
342,0.0,0.0,0.0,0.0,0.0,0.0,0.0,0.0,0.0,0.0,13.0,30.0,39.0,22.0,14.0,20.5,18.5,1.5,1.0,0.5,0.0,0.0
343,0.0,0.0,0.0,0.0,0.0,0.0,0.0,0.0,1.5,26.0,44.5,46.5,40.0,38.75,37.5,19.75,2.5,5.0,2.0,0.0,0.0,0.0
344,0.0,0.0,0.0,0.0,0.0,0.0,0.0,0.0,11.0,25.25,26.0,14.0,19.25,19.0,11.25,1.5,0.5,0.25,0.0,0.0,0.0,0.0
345,0.0,0.0,0.0,0.0,0.0,0.0,0.5,15.5,32.25,19.5,24.75,36.0,31.5,18.0,3.0,4.0,7.0,0.0,0.0,0.0,0.0,0.0
346,0.0,0.0,0.0,0.0,0.0,0.0,0.0,0.0,19.75,40.5,37.75,22.75,43.0,43.25,21.5,1.0,3.5,7.0,0.0,0.0,0.0,0.0
347,0.0,0.0,0.0,0.0,0.0,0.0,0.0,0.5,14.0,33.0,37.75,22.75,17.25,19.25,13.0,2.5,0.0,0.0,0.0,0.0,0.0,0.0
348,0.0,0.0,0.0,0.0,0.0,0.0,1.0,14.0,38.0,46.25,31.75,24.25,25.5,19.5,4.75,2.0,0.0,1.0,0.0,0.0,0.0,0.0
349,0.0,0.0,0.0,0.0,0.0,0.0,0.0,0.0,0.0,12.25,28.75,27.25,23.0,37.0,32.0,21.75,4.0,1.0,5.0,0.0,0.0,0.0
350,0.0,0.0,0.0,0.0,1.5,26.25,38.5,39.75,24.0,24.5,23.5,12.0,0.0,2.0,0.0,0.0,0.0,0.0,0.0,0.0,0.0,0.0
351,0.0,0.0,0.0,0.0,0.0,0.0,0.0,0.0,0.0,1.5,20.5,51.0,49.0,32.25,26.25,34.0,19.0,3.0,1.0,2.5,0.0,0.0
352,0.0,0.0,0.0,0.0,0.0,0.0,1.5,20.5,28.75,25.5,35.5,42.25,53.25,28.25,3.5,3.0,9.5,0.5,0.0,0.0,0.0,0.0
353,0.0,0.0,0.0,0.0,0.0,0.0,0.0,2.5,15.25,29.25,25.75,23.0,20.75,25.0,13.0,0.5,3.0,2.0,0.0,0.0,0.0,0.0
354,0.0,0.0,0.0,0.0,0.0,0.0,0.0,1.5,12.5,31.0,34.0,21.5,18.75,18.0,14.0,6.0,1.5,0.25,1.0,0.0,0.0,0.0
355,0.0,0.0,0.0,0.0,0.0,13.5,33.0,40.5,28.5,21.5,27.5,21.0,2.0,2.5,2.0,0.0,0.0,0.0,0.0,0.0,0.0,0.0
356,0.0,0.0,0.0,0.0,0.0,0.5,6.0,29.0,11.0,15.5,46.5,50.0,23.0,8.25,4.5,10.25,3.5,0.0,0.0,0.0,0.0,0.0
357,0.0,0.0,0.0,0.0,0.0,0.0,1.75,12.75,28.75,40.25,41.0,24.5,26.0,18.5,12.5,1.0,1.0,0.0,0.0,0.0,0.0,0.0
358,0.0,0.0,0.0,0.0,0.0,19.0,56.0,53.0,55.0,63.0,62.0,24.0,1.0,7.0,6.0,0.0,0.0,0.0,0.0,0.0,0.0,0.0
359,0.0,0.0,0.0,0.0,0.0,0.0,0.0,0.0,0.0,25.0,45.75,29.5,35.5,50.5,43.0,30.25,4.0,6.0,9.0,1.5,0.0,0.0
360,0.0,0.0,0.0,0.0,0.0,0.0,0.0,0.0,0.0,1.5,11.0,22.5,8.25,22.25,36.0,36.5,21.5,3.75,0.5,10.75,1.5,0.0
361,0.0,0.0,0.0,0.0,0.0,0.0,0.0,0.0,15.5,26.5,32.0,34.0,24.25,30.0,18.25,4.0,3.0,3.5,1.0,0.0,0.0,0.0
362,0.0,0.0,0.0,0.0,0.0,0.0,0.0,0.0,14.0,37.25,32.0,18.75,15.25,27.0,14.25,0.0,0.0,1.5,0.0,0.0,0.0,0.0
363,0.0,0.0,0.0,0.0,0.0,0.0,0.0,0.0,0.0,0.5,18.75,33.0,37.25,29.25,19.0,26.5,19.0,2.75,2.0,4.0,0.0,0.0
364,0.0,0.0,0.0,0.0,0.0,0.0,0.0,0.0,0.0,9.5,24.5,23.25,21.5,31.5,40.0,25.0,4.75,4.25,5.5,2.25,0.0,0.0
365,0.0,0.0,0.0,0.0,0.0,0.0,0.0,0.0,0.25,4.75,27.0,35.0,38.0,25.25,23.75,22.5,12.5,0.0,3.0,0.0,0.0,0.0
366,0.0,0.0,0.0,0.0,0.0,0.0,0.0,0.0,0.0,0.0,16.5,36.75,42.75,27.75,17.25,25.0,18.5,2.5,0.0,1.0,0.0,0.0
367,0.0,0.0,0.0,0.0,0.0,0.0,0.0,0.0,1.0,16.0,35.5,23.0,22.5,35.5,31.0,18.0,3.0,3.5,3.0,0.0,0.0,0.0
368,0.0,0.0,0.0,0.0,0.0,1.25,23.25,51.25,44.75,29.5,24.25,31.5,19.25,0.5,0.0,2.5,0.0,0.0,0.0,0.0,0.0,0.0
369,0.0,0.0,9.5,25.5,16.0,24.0,34.5,39.0,26.5,3.5,2.0,11.0,0.5,0.0,0.0,0.0,0.0,0.0,0.0,0.0,0.0,0.0
370,0.0,0.0,0.0,0.0,0.0,0.0,0.0,12.0,25.25,14.5,26.0,40.0,47.0,24.25,4.0,4.0,11.0,0.0,0.0,0.0,0.0,0.0
371,0.0,0.0,0.0,0.0,0.0,0.0,0.0,0.0,6.25,17.75,16.5,19.75,38.25,38.75,22.0,13.25,4.0,7.5,4.0,0.0,0.0,0.0
